日期,目前行情方向（延續性）,風度,連續天數,開,高,低,收,漲跌幅,20ma,MACD柱,乖離率,乖離率.1,行情方向-舊
2026.1.6,強風-亂流循環,強風,強風11,29933.65,30576.3,29933.65,30576.3,1.57,28455.22,216.73,7.45%,7.45%,強風-亂流循環
2026.1.5,強風-亂流循環,強風,強風10,29779.7,30339.32,29779.7,30105.04,2.57,28325.45,170.22,6.28%,6.28%,強風-亂流循環
2026.1.2,強風-亂流循環,強風,強風9,29016.68,29363.43,29007.75,29349.81,1.33,28209.98,111.62,4.04%,4.04%,強風-亂流循環
2025.12.31,強風-亂流循環,強風,強風8,28723.49,29009.81,28687.9,28963.6,0.89,28132.15,88.24,2.96%,2.96%,強風-亂流循環
2025.12.30,強風-亂流循環,強風,強風7,28723.82,28833.03,28553.64,28707.13,-0.36,28062.18,77.27,2.30%,2.30%,強風-亂流循環
2025.12.29,強風-亂流循環,強風,強風6,28662.79,28841.64,28595.35,28810.89,0.89,27993.95,71.5,2.92%,2.92%,強風-亂流循環
2025.12.26,強風-亂流循環,強風,強風5,28443.48,28590.91,28404.34,28556.02,0.0065,27934.73,47.27,2.22%,2.22%,強風-亂流循環
2025.12.24,循環的交界,強風,強風4,28383.60938,28486.38086,28280.58984,28371.98,0.002172694,27884.6535,26.64868983,1.75%,1.75%,循環的交界
2025.12.23,循環的交界,強風,強風3,28253.14063,28350.36914,28212.83984,28310.47,0.005713395,27836.5315,4.650561903,1.70%,1.70%,循環的交界
2025.12.22,循環的交界,強風,強風2,27986.66016,28168.75,27986.66016,28149.64,0.016366417,27766.6165,-24.47651475,1.38%,1.38%,循環的交界
2025.12.19,循環的交界,強風,強風1,27685.74023,27869.7793,27672.05078,27696.35,0.008293855,27684.3465,-52.2734566,0.04%,0.04%,循環的交界
2025.12.18,循環的交界,無風,無風3,27447.44922,27569.43945,27350.76953,27468.53,-0.002057753,27621.276,-55.5859992,-0.55%,-0.55%,循環的交界
2025.12.17,循環的交界,無風,無風2,27596.17969,27780.68945,27469.59961,27525.17,-0.000417262,27619.1675,-31.02215928,-0.34%,-0.34%,循環的交界
2025.12.16,循環的交界,無風,無風1,27721.09961,27740.66016,27355.66992,27536.66,-0.011852037,27571.915,-2.945561134,-0.13%,-0.13%,循環的交界
2025.12.15,循環的交界,亂流,亂流3,28119.78906,28119.78906,27684.86914,27866.94,-0.01174125,27532.888,42.8945234,1.21%,1.21%,循環的交界
2025.12.12,循環的交界,亂流,亂流2,28097.53906,28272.06055,28071.33984,28198.02,0.006182749,27511.9065,75.05207029,2.49%,2.49%,循環的交界
2025.12.11,循環的交界,亂流,亂流1,28385.23047,28568.01953,27984.18945,28024.75,-0.013238392,27471.8805,87.12153556,2.01%,2.01%,循環的交界
2025.12.10,循環的交界,強風,強風7,28190.75977,28417.08984,28190.75977,28400.73,0.007739882,27465.821,100.4793228,3.40%,3.40%,循環的交界
2025.12.09,循環的交界,強風,強風6,28364.03906,28390.24023,28157.26953,28182.6,-0.004281407,27443.139,91.02948727,2.69%,2.69%,循環的交界
2025.12.08,循環的交界,強風,強風5,28034,28303.7793,28026.39063,28303.78,0.011539662,27423.2565,79.54467357,3.21%,3.21%,循環的交界
2025.12.05,循環的交界,強風,強風4,27796.42969,27980.89063,27738.5,27980.89,0.006662179,27401.543,52.82761821,2.11%,2.11%,循環的交界
2025.12.04,循環的交界,強風,強風3,27773.41992,27880.23047,27636.63086,27795.71,9.61E-05,27385.069,36.95351166,1.50%,1.50%,循環的交界
2025.12.03,循環的交界,強風,強風2,27605.63086,27847.66992,27605.63086,27793.04,0.008299512,27390.256,22.49582642,1.47%,1.47%,循環的交界
2025.12.02,循環的交界,強風,強風1,27550.34961,27741.89063,27477.09961,27564.27,0.00810971,27386.457,-1.187549307,0.65%,0.65%,循環的交界
2025.12.01,循環的交界,陣風,陣風1,27674.16016,27697.06055,27342.5293,27342.53,-0.010278182,27414.0715,-21.66931859,-0.26%,-0.26%,循環的交界
2025.11.28,循環的交界,強風,強風2,27566.11914,27796.90039,27566.11914,27626.48,0.002611186,27463.6745,-37.09073161,0.59%,0.59%,循環的交界
2025.11.27,循環的交界,強風,強風1,27517.24023,27659.06055,27436.58984,27554.53,0.005289764,27494.018,-81.77085559,0.22%,0.22%,循環的交界
2025.11.26,無風-陣風循環,陣風,陣風2,27063.16992,27409.53906,27063.16992,27409.54,0.01848123,27530.668,-136.3738425,-0.44%,-0.44%,無風-陣風循環
2025.11.25,無風-陣風循環,陣風,陣風1,26995.90039,27118.01953,26793.71094,26912.17,0.015391122,27574.928,-189.7688231,-2.40%,-2.40%,無風-陣風循環
2025.11.24,無風-陣風循環,無風,無風2,26596.0293,26764.13086,26482.33008,26504.24,0.00262153,27626.775,-220.9044457,-4.06%,-4.06%,無風-陣風循環
2025.11.21,無風-陣風循環,無風,無風1,26821.9707,26821.9707,26395.98047,26434.94,-0.036148435,27701.2445,-216.5111816,-4.57%,-4.57%,無風-陣風循環
2025.11.20,循環的交界,陣風,陣風1,27212.91016,27493.63086,27183.0293,27426.36,0.031837328,27756.1105,-190.0511919,-1.19%,-1.19%,循環的交界
2025.11.19,循環的交界,無風,無風4,26708.2793,26902.9707,26580.11914,26580.12,-0.006577934,27767.238,-223.2423845,-4.28%,-4.28%,循環的交界
2025.11.18,循環的交界,無風,無風3,27310.40039,27310.40039,26756.11914,26756.12,-0.025182431,27825.8525,-188.4522315,-3.84%,-3.84%,循環的交界
2025.11.17,循環的交界,無風,無風2,27600.74023,27723.76953,27447.31055,27447.31,0.001818049,27872.478,-146.1974986,-1.53%,-1.53%,循環的交界
2025.11.14,循環的交界,無風,無風1,27816.44922,27816.44922,27383.33984,27397.5,-0.018136037,27865.231,-135.7459172,-1.68%,-1.68%,循環的交界
2025.11.13,循環的交界,強風,強風2,27867.58984,28038.24023,27811.81055,27903.56,-0.001557586,27877.7495,-112.3309052,0.09%,0.09%,循環的交界
2025.11.12,循環的交界,強風,強風1,27853.4707,28071.75977,27799.91992,27947.09,0.005835533,27846.357,-114.8051516,0.36%,0.36%,循環的交界
2025.11.11,循環的交界,無風,無風1,28031.53906,28187.69922,27784.94922,27784.95,-0.00303414,27788.66,-119.2378536,-0.01%,-0.01%,循環的交界
2025.11.10,循環的交界,亂流,亂流1,27805.4707,27976.89063,27680.50977,27869.51,0.007887482,27745.5835,-118.39203,0.45%,0.45%,循環的交界
2025.11.07,循環的交界,無風,無風1,27818.53906,27818.53906,27621.48047,27651.41,-0.008890498,27717.204,-111.5929652,-0.24%,-0.24%,循環的交界
2025.11.06,強風-亂流循環,亂流,亂流5,27906.43945,28061.5293,27879.69922,27899.45,0.006580424,27687.8175,-83.37726741,0.76%,0.76%,強風-亂流循環
2025.11.05,強風-亂流循環,亂流,亂流4,27785.91016,27799.08984,27373.05078,27717.06,-0.014208708,27653.4425,-65.78035615,0.23%,0.23%,強風-亂流循環
2025.11.04,強風-亂流循環,亂流,亂流3,28364.75977,28554.60938,28033.61914,28116.56,-0.007694835,27605.6425,-12.65347699,1.85%,1.85%,強風-亂流循環
2025.11.03,強風-亂流循環,亂流,亂流2,28253.5293,28494.99023,28150.44922,28334.59,0.00358583,27518.734,7.232074346,2.96%,2.96%,強風-亂流循環
2025.10.31,強風-亂流循環,亂流,亂流1,28280.4707,28489.75977,28233.34961,28233.35,-0.001915332,27401.15,16.20208479,3.04%,3.04%,強風-亂流循環
2025.10.30,強風-亂流循環,強風,強風2,28350.24023,28527.67969,28116.59961,28287.53,-0.000254818,27280.5095,22.76485256,3.69%,3.69%,強風-亂流循環
2025.10.29,強風-亂流循環,強風,強風1,28157.91016,28395.31055,28139.65039,28294.74,0.012366405,27145.149,21.06885927,4.23%,4.23%,強風-亂流循環
2025.10.28,強風-亂流循環,亂流,亂流1,28041.00977,28087.92969,27885.61914,27949.11,-0.001590362,27031.6045,9.587561557,3.39%,3.39%,強風-亂流循環
2025.10.27,強風-亂流循環,強風,強風1,28029.88086,28196.33008,27993.63086,27993.63,0.016757433,26943.9855,13.00239616,3.90%,3.90%,強風-亂流循環
2025.10.23,強風-亂流循環,亂流,亂流2,27457.07031,27586.84961,27371.66992,27532.26,-0.004218973,26856.6725,0.270337745,2.52%,2.52%,強風-亂流循環
2025.10.22,強風-亂流循環,亂流,亂流1,27614.10938,27725.83008,27490.89063,27648.91,-0.003729406,26774.0895,25.49882635,3.27%,3.27%,強風-亂流循環
2025.10.21,強風-亂流循環,強風,強風2,27742.55078,27969.05078,27742.55078,27752.41,0.002303473,26670.5625,41.83700623,4.06%,4.06%,強風-亂流循環
2025.10.20,強風-亂流循環,強風,強風1,27480.43945,27768.26953,27412.44922,27688.63,0.01414749,26571.41,37.36274153,4.20%,4.20%,強風-亂流循環
2025.10.17,強風-亂流循環,亂流,亂流1,27399.91016,27513.08984,27302.36914,27302.37,-0.012496442,26458.891,34.83685877,3.19%,3.19%,強風-亂流循環
2025.10.16,強風-亂流循環,強風,強風1,27337.32031,27732.7793,27337.32031,27647.87,0.013644374,26375.2545,47.96650554,4.83%,4.83%,強風-亂流循環
2025.10.15,強風-亂流循環,亂流,亂流3,26911.05078,27275.71094,26773.15039,27275.71,0.018010574,26260.719,32.07040164,3.87%,3.87%,強風-亂流循環
2025.10.14,強風-亂流循環,亂流,亂流2,27282.09961,27507.16016,26764.06055,26793.15,-0.004838538,26170.6655,40.38131151,2.38%,2.38%,強風-亂流循環
2025.10.13,強風-亂流循環,亂流,亂流1,26762.59961,26965.7207,26470.43945,26923.42,-0.013863494,26091.7935,60.7000278,3.19%,3.19%,強風-亂流循環
2025.10.09,強風-亂流循環,強風,強風5,27301.60938,27463.11914,27253.07031,27301.92,0.008802942,26005.252,94.34163829,4.99%,4.99%,強風-亂流循環
2025.10.08,強風-亂流循環,強風,強風4,26999.82031,27110.42969,26883.99023,27063.68,-0.005448709,25882.915,80.17031357,4.56%,4.56%,強風-亂流循環
2025.10.07,強風-亂流循環,強風,強風3,27029.2793,27301.41992,27017.08008,27211.95,0.016848735,25757.1,73.59752261,5.65%,5.65%,強風-亂流循環
2025.10.03,強風-亂流循環,強風,強風2,26435.09961,26761.06055,26410.0293,26761.06,0.014506951,25621.2315,33.68931779,4.45%,4.45%,強風-亂流循環
2025.10.02,強風-亂流循環,強風,強風1,26392.31055,26489.78906,26330.25,26378.39,0.015220774,25492.171,12.16094355,3.48%,3.48%,強風-亂流循環
2025.10.01,強風-亂流循環,亂流,亂流4,26078.28906,26325.78906,25982.91016,25982.91,0.006288405,25378.2665,-1.864184917,2.38%,2.38%,強風-亂流循環
2025.09.30,強風-亂流循環,亂流,亂流3,25738.31055,25975.83984,25738.31055,25820.54,0.009390813,25279.96,2.030497459,2.14%,2.14%,強風-亂流循環
2025.09.26,強風-亂流循環,亂流,亂流2,25998.2793,25998.2793,25469.03906,25580.32,-0.017043212,25192.5195,24.43381667,1.54%,1.54%,強風-亂流循環
2025.09.25,強風-亂流循環,亂流,亂流1,26067.9707,26247.84961,26023.84961,26023.85,-0.006599297,25125.1585,69.61320338,3.58%,3.58%,強風-亂流循環
2025.09.24,強風-亂流循環,強風,強風2,26389.16016,26394.0293,26045.4707,26196.73,-0.001929336,25035.7885,85.87356297,4.64%,4.64%,強風-亂流循環
2025.09.23,強風-亂流循環,強風,強風1,26121,26307.30078,26041.68945,26247.37,0.014171619,24951.947,84.87051087,5.19%,5.19%,強風-亂流循環
2025.09.22,循環的交界,亂流,亂流4,25599.59961,25887.68945,25599.59961,25880.6,0.011815843,24854.8335,69.51917469,4.13%,4.13%,循環的交界
2025.09.19,循環的交界,亂流,亂流3,25794.66016,25864.00977,25578.36914,25578.37,-0.007411515,24774.6725,73.74835344,3.24%,3.24%,循環的交界
2025.09.18,循環的交界,亂流,亂流2,25543.16992,25769.35938,25475.25,25769.36,0.013016226,24683.9775,85.03949214,4.40%,4.40%,循環的交界
2025.09.17,循環的交界,亂流,亂流1,25543.91016,25632.07031,25422.96094,25438.25,-0.007467526,24593.616,85.70360208,3.43%,3.43%,循環的交界
2025.09.16,循環的交界,強風,強風9,25335.46094,25664.81055,25335.46094,25629.64,0.010745683,24502.9755,96.03737057,4.60%,4.60%,循環的交界
2025.09.15,循環的交界,強風,強風8,25494.09961,25519.93945,25284.16992,25357.16,-0.004611645,24439.1685,91.21371946,3.76%,3.76%,循環的交界
2025.09.12,循環的交界,強風,強風7,25349.69922,25492.2793,25349.69922,25474.64,0.010268598,24395.4365,90.17473561,4.42%,4.42%,循環的交界
2025.09.11,循環的交界,強風,強風6,25509.30078,25541.43945,25174.13086,25215.71,0.00091773,24338.4285,69.78372672,3.60%,3.60%,循環的交界
2025.09.10,循環的交界,強風,強風5,25032.88086,25272.23047,25032.88086,25192.59,0.013575037,24289.548,43.89361581,3.72%,3.72%,循環的交界
2025.09.09,循環的交界,強風,強風4,24650.46094,24880.07031,24650.46094,24855.18,0.012539016,24248.4195,6.875814989,2.50%,2.50%,循環的交界
2025.09.08,循環的交界,強風,強風3,24610.84961,24729.96094,24547.38086,24547.38,0.002155579,24213.5785,-19.37184371,1.38%,1.38%,循環的交界
2025.09.05,循環的交界,強風,強風2,24244.25977,24494.58008,24244.25977,24494.58,0.01301621,24192.9845,-40.99589579,1.25%,1.25%,循環的交界
2025.09.04,循環的交界,強風,強風1,24235.26953,24389.34961,24168.16016,24179.85,0.003300789,24169.3185,-59.22318875,0.04%,0.04%,循環的交界
2025.09.03,循環的交界,無風,無風3,24036.88086,24103.23047,23925.49023,24100.3,0.003477569,24160.5145,-66.41295478,-0.25%,-0.25%,循環的交界
2025.09.02,循環的交界,無風,無風2,24113.90039,24295.0293,23890.33008,24016.78,-0.002282761,24127.8675,-58.73575218,-0.46%,-0.46%,循環的交界
2025.09.01,循環的交界,無風,無風1,24143.36914,24312.83008,23885.41016,24071.73,-0.006659074,24110.058,-45.46751732,-0.16%,-0.16%,循環的交界
2025.08.29,循環的交界,亂流,亂流2,24438.0293,24570.15039,24233.09961,24233.1,-0.000138222,24075.4185,-27.99288155,0.65%,0.65%,循環的交界
2025.08.28,循環的交界,亂流,亂流1,24468.11914,24502.36914,24236.44922,24236.45,-0.011559998,24035.4825,-25.92284848,0.84%,0.84%,循環的交界
2025.08.27,循環的交界,強風,強風3,24449.81055,24539.88086,24410.08008,24519.9,0.008837651,24000.786,-23.62115388,2.16%,2.16%,循環的交界
2025.08.26,循環的交界,強風,強風2,24237.35938,24382.41992,24113.0293,24305.1,0.001141804,23947.877,-42.510515,1.49%,1.49%,循環的交界
2025.08.25,循環的交界,強風,強風1,24108.81055,24362.01953,24108.75,24277.38,0.021583061,23892.698,-51.40577266,1.61%,1.61%,循環的交界
2025.08.22,循環的交界,無風,無風1,24033.01953,24071.65039,23764.4707,23764.47,-0.008248849,23849.478,-64.23196376,-0.36%,-0.36%,循環的交界
2025.08.21,循環的交界,亂流,亂流1,23739.83008,24011.5,23739.83008,23962.13,0.014251163,23829.4735,-42.2176473,0.56%,0.56%,循環的交界
2025.08.20,循環的交界,無風,無風1,24309.26953,24309.26953,23620.24023,23625.44,-0.029895498,23800.0535,-16.86154375,-0.73%,-0.73%,循環的交界
2025.08.19,強風-亂流循環,亂流,亂流4,24493.91992,24551.41992,24324.28906,24353.5,-0.005269882,23784.715,32.06125454,2.39%,2.39%,強風-亂流循環
2025.08.18,強風-亂流循環,亂流,亂流3,24272.55078,24515.65039,24257.30078,24482.52,0.006083549,23716.436,40.67554888,3.23%,3.23%,強風-亂流循環
2025.08.15,強風-亂流循環,亂流,亂流2,24266.23047,24385.56055,24164.42969,24334.48,0.003976384,23659.338,41.57295732,2.85%,2.85%,強風-亂流循環
2025.08.14,強風-亂流循環,亂流,亂流1,24258.5,24389.50977,24198.88086,24238.1,-0.005413209,23611.7705,47.39578927,2.65%,2.65%,強風-亂流循環
2025.08.13,強風-亂流循環,強風,強風5,24232.03906,24406.93945,24172.18945,24370.02,0.008761356,23555.5295,51.45832082,3.46%,3.46%,強風-亂流循環
2025.08.12,強風-亂流循環,強風,強風4,24182.83984,24263.91992,24065.42969,24158.36,0.000947153,23489.1735,42.13607331,2.85%,2.85%,強風-亂流循環
2025.08.11,強風-亂流循環,強風,強風3,23980.39063,24249.05078,23887.25,24135.5,0.004755787,23423.0525,36.03847382,3.04%,3.04%,強風-亂流循環
2025.08.08,強風-亂流循環,強風,強風2,24026.65039,24131.46094,23967.99023,24021.26,0.000728636,23347.026,24.6934386,2.89%,2.89%,強風-亂流循環
2025.08.07,強風-亂流循環,強風,強風1,23717.34961,24050.53906,23717.34961,24003.77,0.023730177,23283.5145,6.733355616,3.09%,3.09%,強風-亂流循環
2025.08.06,強風-亂流循環,亂流,亂流1,23443.35938,23557.49023,23433.5293,23447.36,-0.009012032,23217.9885,-17.61384323,0.99%,0.99%,強風-亂流循環
2025.08.05,強風-亂流循環,強風,強風1,23498.40039,23671.83984,23498.40039,23660.59,0.012047167,23171.971,-11.31823538,2.11%,2.11%,強風-亂流循環
2025.08.04,強風-亂流循環,亂流,亂流2,23260.17969,23378.93945,23151.65039,23378.94,-0.002365755,23107.055,-20.24430529,1.18%,1.18%,強風-亂流循環
2025.08.01,強風-亂流循環,亂流,亂流1,23318.36914,23484.21094,23168.26953,23434.38,-0.004593391,23059.544,-6.711356073,1.63%,1.63%,強風-亂流循環
2025.07.31,強風-亂流循環,強風,強風1,23523.58984,23631.10938,23454.43945,23542.52,0.003443908,23015.2,4.902874959,2.29%,2.29%,強風-亂流循環
2025.07.30,強風-亂流循環,亂流,亂流4,23288.7207,23461.7207,23264.64063,23461.72,0.011214782,22973.7225,1.855737729,2.12%,2.12%,強風-亂流循環
2025.07.29,強風-亂流循環,亂流,亂流3,23414.35938,23422.16992,23094.66992,23201.52,-0.009031742,22929.5235,5.475624886,1.19%,1.19%,強風-亂流循環
2025.07.28,強風-亂流循環,亂流,亂流2,23477.09961,23564.43945,23350.73047,23412.98,0.002080089,22897.1335,24.75949489,2.25%,2.25%,強風-亂流循環
2025.07.25,強風-亂流循環,亂流,亂流1,23454.58984,23485.56055,23308.44922,23364.38,-0.000400022,22839.2855,27.9575434,2.30%,2.30%,強風-亂流循環
2025.07.24,強風-亂流循環,強風,強風1,23373.66992,23455.08984,23295.31055,23373.73,0.002361198,22800.0705,31.77650173,2.52%,2.52%,強風-亂流循環
2025.07.23,強風-亂流循環,亂流,亂流2,23063.57031,23318.66992,23063.57031,23318.67,0.014387992,22756.001,31.44340799,2.47%,2.47%,強風-亂流循環
2025.07.22,強風-亂流循環,亂流,亂流1,23301.66016,23486.08008,22985.90039,22987.92,-0.015108464,22711.598,36.17040449,1.22%,1.22%,強風-亂流循環
2025.07.21,強風-亂流循環,強風,強風5,23314.28906,23403.83008,23243.78906,23340.56,-0.001820543,22671.64,51.06902673,2.95%,2.95%,強風-亂流循環
2025.07.18,強風-亂流循環,強風,強風4,23345.7207,23468.21094,23276.01953,23383.13,0.011675106,22591.213,44.10518675,3.51%,3.51%,強風-亂流循環
2025.07.17,強風-亂流循環,強風,強風3,23042.9707,23159.53906,22923.36914,23113.28,0.003054303,22524.3435,20.82469965,2.61%,2.61%,強風-亂流循環
2025.07.16,強風-亂流循環,強風,強風2,22967.50977,23106.42969,22923.11914,23042.9,0.009062907,22468.8545,8.816748823,2.55%,2.55%,強風-亂流循環
2025.07.15,強風-亂流循環,強風,強風1,22618.42969,22888.23047,22588.25977,22835.94,0.009770961,22434.546,-9.756028001,1.79%,1.79%,強風-亂流循環
2025.07.14,強風-亂流循環,亂流,亂流1,22679.17969,22735.23047,22525.66016,22614.97,-0.005980389,22403.3285,-17.54395678,0.94%,0.94%,強風-亂流循環
2025.07.11,強風-亂流循環,強風,強風2,22602.81055,22770.00977,22601.94922,22751.03,0.002546132,22375.075,-15.38694588,1.68%,1.68%,強風-亂流循環
2025.07.10,強風-亂流循環,強風,強風1,22566.50977,22699.28906,22513.34961,22693.25,0.007379586,22341.171,-24.09747287,1.58%,1.58%,強風-亂流循環
2025.07.09,強風-亂流循環,亂流,亂流4,22253.16992,22527.00977,22211.09961,22527.01,0.007366873,22320.8995,-32.72398923,0.92%,0.92%,強風-亂流循環
2025.07.08,強風-亂流循環,亂流,亂流3,22375.65039,22375.65039,22190.46094,22362.27,-0.002962719,22318.054,-27.03773444,0.20%,0.20%,強風-亂流循環
2025.07.07,強風-亂流循環,亂流,亂流2,22550.14063,22550.5,22294.10938,22428.72,-0.00526799,22312.0475,-6.887550585,0.52%,0.52%,強風-亂流循環
2025.07.04,強風-亂流循環,亂流,亂流1,22756.55078,22842.75,22500.9707,22547.5,-0.007285265,22280.126,11.31862206,1.20%,1.20%,強風-亂流循環
2025.07.03,強風-亂流循環,強風,強風1,22707.41016,22816.19922,22700.85938,22712.97,0.005989528,22235.784,16.59561492,2.15%,2.15%,強風-亂流循環
2025.07.02,強風-亂流循環,亂流,亂流1,22463.55078,22577.74023,22396.25977,22577.74,0.001065013,22183.857,6.760135606,1.78%,1.78%,強風-亂流循環
2025.07.01,強風-亂流循環,強風,強風1,22419.74023,22730.75977,22401.58008,22553.72,0.013376156,22135.8745,7.2403453,1.89%,1.89%,強風-亂流循環
2025.06.30,循環的交界,亂流,亂流1,22508.33008,22558.94922,22256.01953,22256.02,-0.014351588,22064.535,0.648278133,0.87%,0.87%,循環的交界
2025.06.27,循環的交界,強風,強風4,22503.84961,22580.08008,22388.58984,22580.08,0.003900884,22001.8695,9.391397937,2.63%,2.63%,循環的交界
2025.06.26,循環的交界,強風,強風3,22425.39063,22587.66992,22391.26953,22492.34,0.002752043,21940.2305,-1.772137509,2.52%,2.52%,循環的交界
2025.06.25,循環的交界,強風,強風2,22341.86914,22444.50977,22284.51953,22430.61,0.010899663,21883.4995,-19.11142669,2.50%,2.50%,循環的交界
2025.06.24,循環的交界,強風,強風1,22001.48047,22201.05078,22001.48047,22188.76,0.021016914,21828.796,-39.56249928,1.65%,1.65%,循環的交界
2025.06.23,循環的交界,無風,無風1,21750.69922,21801.32031,21551.58008,21732.02,-0.014230414,21796.1865,-47.12685089,-0.29%,-0.29%,循環的交界
2025.06.20,循環的交界,亂流,亂流6,21960.50977,22089.48047,21779.55078,22045.74,0.001919695,21792.1975,-14.47801552,1.16%,1.16%,循環的交界
2025.06.19,循環的交界,亂流,亂流5,22238.09961,22249.40039,21973.03906,22003.5,-0.015799717,21773.4585,5.439931582,1.06%,1.06%,循環的交界
2025.06.18,循環的交界,亂流,亂流4,22135.83008,22370.25,22104.67969,22356.73,0.006534426,21763.479,25.59137675,2.73%,2.73%,循環的交界
2025.06.17,循環的交界,亂流,亂流3,22172.58984,22331.68945,22118.46094,22211.59,0.007332913,21721.944,26.88509091,2.25%,2.25%,循環的交界
2025.06.16,循環的交界,亂流,亂流2,22058.57031,22094.59961,21936.38086,22049.9,-0.001044265,21687.556,30.50711951,1.67%,1.67%,循環的交界
2025.06.13,循環的交界,亂流,亂流1,22215.5,22228.00977,21984.35938,22072.95,-0.009640692,21677.2455,48.51898954,1.83%,1.83%,循環的交界
2025.06.12,循環的交界,強風,強風7,22362.66992,22390.16992,22253.64063,22287.82,-0.008112113,21660.1105,63.40277606,2.90%,2.90%,循環的交界
2025.06.11,循環的交界,強風,強風6,22376.36914,22470.09961,22294.59961,22470.1,0.010249014,21634.863,56.09741807,3.86%,3.86%,循環的交界
2025.06.10,循環的交界,強風,強風5,21921.24023,22294.85938,21921.24023,22242.14,0.0207363,21577.865,23.79561956,3.08%,3.08%,循環的交界
2025.06.09,循環的交界,強風,強風4,21773.44922,21866.26953,21717.51953,21790.29,0.005984582,21522.235,-7.555013472,1.25%,1.25%,循環的交界
2025.06.06,循環的交界,強風,強風3,21637.76953,21702.46094,21606.69922,21660.66,-0.000635311,21478.4725,-21.15094094,0.85%,0.85%,循環的交界
2025.06.05,循環的交界,強風,強風2,21695.92969,21738.92969,21626.74023,21674.43,0.002606151,21422.6095,-30.81891063,1.18%,1.18%,循環的交界
2025.06.04,循環的交界,強風,強風1,21341.43945,21618.08984,21341.43945,21618.09,0.023248054,21366.2125,-49.21719365,1.18%,1.18%,循環的交界
2025.06.03,循環的交界,無風,無風2,21126.69922,21303.21094,21110.63086,21126.93,0.005914475,21311.4375,-64.77257986,-0.87%,-0.87%,循環的交界
2025.06.02,循環的交界,無風,無風1,21253.9707,21256.09961,20940.98047,21002.71,-0.016142088,21281.7405,-48.98150181,-1.31%,-1.31%,循環的交界
2025.05.29,強風-亂流循環,亂流,亂流11,21531.28906,21605.25977,21347.30078,21347.3,-0.00048788,21270.987,-11.78790081,0.36%,0.36%,強風-亂流循環
2025.05.28,強風-亂流循環,亂流,亂流10,21539.15039,21634.36914,21305.73047,21357.72,0.000992663,21215.3735,7.649491542,0.67%,0.67%,強風-亂流循環
2025.05.27,強風-亂流循環,亂流,亂流9,21491.65039,21558.4707,21310,21336.54,-0.009287923,21159.119,33.64897675,0.84%,0.84%,強風-亂流循環
2025.05.26,強風-亂流循環,亂流,亂流8,21577.64063,21688.44922,21536.57031,21536.57,-0.005342172,21094.0125,71.08489674,2.10%,2.10%,強風-亂流循環
2025.05.23,強風-亂流循環,亂流,亂流7,21766.24023,21798.88086,21559.7793,21652.24,-0.000863829,21010.8205,101.5987752,3.05%,3.05%,強風-亂流循環
2025.05.22,強風-亂流循環,亂流,亂流6,21733.82031,21733.82031,21585.31055,21670.96,-0.00609753,20902.149,128.7432718,3.68%,3.68%,強風-亂流循環
2025.05.21,強風-亂流循環,亂流,亂流5,21603.58008,21879.24023,21603.58008,21803.91,0.012909022,20800.558,157.9561285,4.82%,4.82%,強風-亂流循環
2025.05.20,強風-亂流循環,亂流,亂流4,21631.60938,21746.56055,21517.09961,21526.03,0.000102212,20650.034,177.5046237,4.24%,4.24%,強風-亂流循環
2025.05.19,強風-亂流循環,亂流,亂流3,21786.33008,21786.33008,21496.68945,21523.83,-0.01464313,20529.0425,211.2339994,4.85%,4.85%,強風-亂流循環
2025.05.16,強風-亂流循環,亂流,亂流2,21731.88086,21854.5,21697.84961,21843.69,0.005220373,20422.6025,245.306758,6.96%,6.96%,強風-亂流循環
2025.05.15,強風-亂流循環,亂流,亂流1,21776.65039,21821.00977,21674.32031,21730.25,-0.00241566,20297.3545,255.0873703,7.06%,7.06%,強風-亂流循環
2025.05.14,強風-亂流循環,強風,強風3,21552.41992,21782.86914,21552.41992,21782.87,0.021224896,20184.242,256.5502135,7.92%,7.92%,強風-亂流循環
2025.05.13,強風-亂流循環,強風,強風2,21474.01953,21626.2793,21330.14063,21330.14,0.009493818,20087.982,239.7165505,6.18%,6.18%,強風-亂流循環
2025.05.12,強風-亂流循環,強風,強風1,20996.94922,21176.13086,20996.94922,21129.54,0.010255778,19997.1295,227.3303507,5.66%,5.66%,強風-亂流循環
2025.05.09,循環的交界,亂流,亂流4,20690.80078,20915.03906,20643.56055,20915.04,0.018090482,19917.091,221.4061278,5.01%,5.01%,循環的交界
2025.05.08,循環的交界,亂流,亂流3,20559.65039,20747.2793,20543.40039,20543.4,-0.000150391,19821.3405,223.5237222,3.64%,3.64%,循環的交界
2025.05.07,循環的交界,亂流,亂流2,20575.15039,20685.2793,20418.0293,20546.49,0.00116457,19663.7585,238.2780034,4.49%,4.49%,循環的交界
2025.05.06,循環的交界,亂流,亂流1,20353.88086,20623.84961,20349.56055,20522.59,-0.000506502,19559.4315,251.6450902,4.92%,4.92%,循環的交界
2025.05.05,循環的交界,強風,強風6,20839.03906,20885.53906,20320.80078,20532.99,-0.012250068,19494.9195,262.4578625,5.32%,5.32%,循環的交界
2025.05.02,循環的交界,強風,強風5,20534.08008,20787.64063,20534.08008,20787.64,0.027309572,19533.181,258.2249832,6.42%,6.42%,循環的交界
2025.04.30,循環的交界,強風,強風4,20215.39063,20331.89063,20185.31055,20235.03,0.00011862,19557.8075,221.8532473,3.46%,3.46%,循環的交界
2025.04.29,循環的交界,強風,強風3,20018.32031,20232.63086,20007.30078,20232.63,0.009893977,19580.851,202.6984264,3.33%,3.33%,循環的交界
2025.04.28,循環的交界,強風,強風2,19972.07031,20073.75,19972.07031,20034.41,0.008135772,19649.364,171.990353,1.96%,1.96%,循環的交界
2025.04.25,循環的交界,強風,強風1,19861.24023,20012.26953,19861.24023,19872.73,0.020223001,19745.2315,134.0072052,0.65%,0.65%,循環的交界
2025.04.24,無風-陣風循環,陣風,陣風2,19752.58984,19752.58984,19433.36914,19478.81,-0.008163799,19864.6095,85.80407166,-1.94%,-1.94%,無風-陣風循環
2025.04.23,無風-陣風循環,陣風,陣風1,19163.60938,19639.14063,19163.60938,19639.14,0.045000301,20004.3285,50.75257623,-1.83%,-1.83%,無風-陣風循環
2025.04.22,無風-陣風循環,無風,無風1,18990.85938,19059.65039,18793.42969,18793.43,-0.016370079,20127.7035,3.963297939,-6.63%,-6.63%,無風-陣風循環
2025.04.21,無風-陣風循環,陣風,陣風8,19321.14063,19359.96094,19080.59961,19106.2,-0.014891959,20298.487,8.180833254,-5.87%,-5.87%,無風-陣風循環
2025.04.18,無風-陣風循環,陣風,陣風7,19423.98047,19499.2793,19376.34961,19395.03,0.002911256,20462.04,-4.664760681,-5.21%,-5.21%,無風-陣風循環
2025.04.17,無風-陣風循環,陣風,陣風6,19389.51953,19478,19196.4707,19338.73,-0.006640127,20590.33,-38.53165812,-6.08%,-6.08%,無風-陣風循環
2025.04.16,無風-陣風循環,陣風,陣風5,19737.08984,19737.08984,19453.14063,19468,-0.019623148,20736.977,-69.35660295,-6.12%,-6.12%,無風-陣風循環
2025.04.15,無風-陣風循環,陣風,陣風4,19609.90039,19895.42969,19576.15039,19857.67,0.017658915,20869.5085,-120.5868613,-4.85%,-4.85%,無風-陣風循環
2025.04.14,無風-陣風循環,陣風,陣風3,19686.67969,20023.63086,19508.92969,19513.09,-0.000802918,20975.0275,-207.6295268,-6.97%,-6.97%,無風-陣風循環
2025.04.11,無風-陣風循環,陣風,陣風2,18772.5,19528.76953,18418.19922,19528.77,0.027828377,21097.457,-301.9791713,-7.44%,-7.44%,無風-陣風循環
2025.04.10,無風-陣風循環,陣風,陣風1,18256.4707,19024.4707,18256.4707,19000.03,0.092473102,21234.9365,-377.2777783,-10.52%,-10.52%,無風-陣風循環
2025.04.09,無風-陣風循環,無風,無風3,18337.43945,18371.51953,17306.9707,17391.76,-0.05786527,21388.4895,-412.6727799,-18.69%,-18.69%,無風-陣風循環
2025.04.08,無風-陣風循環,無風,無風2,19064.4707,19064.4707,18180.48047,18459.95,-0.040161499,21641.859,-304.0209666,-14.70%,-14.70%,無風-陣風循環
2025.04.07,無風-陣風循環,無風,無風1,20153.57031,20153.57031,19212.01953,19232.35,-0.096997308,21847.665,-193.0564421,-11.97%,-11.97%,無風-陣風循環
2025.04.02,無風-陣風循環,陣風,陣風1,21313.76953,21390.51953,21235.99023,21298.22,0.000848208,22021.819,-87.8362922,-3.29%,-3.29%,無風-陣風循環
2025.04.01,無風-陣風循環,無風,無風4,20884.5293,21315.51953,20884.5293,21280.17,0.028231196,22100.503,-96.15848497,-3.71%,-3.71%,無風-陣風循環
2025.03.31,無風-陣風循環,無風,無風3,21254.63086,21254.63086,20695.90039,20695.9,-0.04198466,22166.3385,-85.30412758,-6.63%,-6.63%,無風-陣風循環
2025.03.28,無風-陣風循環,無風,無風2,21836.16016,21836.16016,21525.05078,21602.89,-0.015892575,22269.356,-20.78961499,-2.99%,-2.99%,無風-陣風循環
2025.03.27,無風-陣風循環,無風,無風1,22093.19922,22093.19922,21919.40039,21951.76,-0.013860107,22341.8705,5.451934595,-1.75%,-1.75%,無風-陣風循環
2025.03.26,無風-陣風循環,陣風,陣風11,22327.60938,22398.11914,22235.89063,22260.29,-0.000579172,22414.41,16.10189228,-0.69%,-0.69%,無風-陣風循環
2025.03.25,無風-陣風循環,陣風,陣風10,22269.36914,22414.01953,22228.67969,22273.19,0.007533936,22465.6815,3.8215662,-0.86%,-0.86%,無風-陣風循環
2025.03.24,無風-陣風循環,陣風,陣風9,22348.38086,22380.73047,22106.64063,22106.64,-0.004613424,22530.2875,-13.31007848,-1.88%,-1.88%,無風-陣風循環
2025.03.21,無風-陣風循環,陣風,陣風8,22362.38086,22366.94922,22200.23047,22209.1,-0.007514772,22611.468,-23.42436547,-1.78%,-1.78%,無風-陣風循環
2025.03.20,無風-陣風循環,陣風,陣風7,22171,22377.25977,22171,22377.26,0.018962398,22675.386,-41.22569173,-1.31%,-1.31%,無風-陣風循環
2025.03.19,無風-陣風循環,陣風,陣風6,22245.41992,22247.66016,21942.68945,21960.83,-0.013956744,22736.727,-70.71953557,-3.41%,-3.41%,無風-陣風循環
2025.03.18,無風-陣風循環,陣風,陣風5,22204.61914,22327.09961,22186.41992,22271.67,0.006919054,22821.991,-78.16188623,-2.41%,-2.41%,無風-陣風循環
2025.03.17,無風-陣風循環,陣風,陣風4,22137.5293,22306.83008,22110.08008,22118.63,0.0068545,22883.674,-104.4175199,-3.34%,-3.34%,無風-陣風循環
2025.03.14,無風-陣風循環,陣風,陣風3,21986.81055,22074.0293,21895.90039,21968.05,0.000290051,22935.373,-124.4766818,-4.22%,-4.22%,無風-陣風循環
2025.03.13,無風-陣風循環,陣風,陣風2,22403.33984,22552.42969,21961.67969,21961.68,-0.014214691,23006.941,-124.558661,-4.54%,-4.54%,無風-陣風循環
2025.03.12,無風-陣風循環,陣風,陣風1,22171.09961,22391.4707,22153.60938,22278.36,0.009391018,23073.3445,-125.7843577,-3.45%,-3.45%,無風-陣風循環
2025.03.11,無風-陣風循環,無風,無風3,22126.06055,22140.39063,21769.57031,22071.09,-0.017278481,23128.629,-132.5676312,-4.57%,-4.57%,無風-陣風循環
2025.03.10,無風-陣風循環,無風,無風2,22548.98047,22641.25,22407.57031,22459.15,-0.005178935,23187.6815,-104.4797627,-3.14%,-3.14%,無風-陣風循環
2025.03.07,無風-陣風循環,無風,無風1,22696.23047,22747.10938,22542.08008,22576.07,-0.006135037,23238.6375,-99.05034879,-2.85%,-2.85%,無風-陣風循環
2025.03.06,循環的交界,陣風,陣風2,22930.10938,22979.9707,22715.42969,22715.43,-0.006841146,23275.664,-93.93160124,-2.41%,-2.41%,循環的交界
2025.03.05,循環的交界,陣風,陣風1,22778.85938,22948.30078,22757.2207,22871.9,0.012170707,23297.9715,-95.46160428,-1.83%,-1.83%,循環的交界
2025.03.04,循環的交界,無風,無風3,22508.80078,22700.93945,22359.5,22596.88,-0.007003351,23294.0745,-98.60048313,-2.99%,-2.99%,循環的交界
2025.03.03,循環的交界,無風,無風2,22734.05078,22775.01953,22611.09961,22756.25,-0.012880219,23298.966,-65.74678617,-2.33%,-2.33%,循環的交界
2025.02.27,循環的交界,無風,無風1,23446.46094,23487.73047,23053.17969,23053.18,-0.014928715,23337.424,-25.39902696,-1.22%,-1.22%,循環的交界
2025.02.26,循環的交界,亂流,亂流1,23221.83984,23431.24023,23156.01953,23402.55,0.005017238,23348.106,-4.817396588,0.23%,0.23%,循環的交界
2025.02.25,循環的交界,無風,無風1,23376.41992,23376.41992,23209.5293,23285.72,-0.011864474,23335.3825,7.960722673,-0.21%,-0.21%,循環的交界
2025.02.24,強風-亂流循環,亂流,亂流1,23573.80078,23605.2207,23461.42969,23565.31,-0.006950622,23322.3515,32.14893415,1.04%,1.04%,強風-亂流循環
2025.02.21,強風-亂流循環,強風,強風1,23526.13086,23732.58008,23488.41992,23730.25,0.010337005,23269.8145,40.09689044,1.98%,1.98%,強風-亂流循環
2025.02.20,強風-亂流循環,亂流,亂流1,23530.9707,23576.71094,23400.75,23487.46,-0.004940671,23223.178,35.72998843,1.14%,1.14%,強風-亂流循環
2025.02.19,強風-亂流循環,強風,強風3,23589.43945,23683.46094,23550.99023,23604.08,-0.002621048,23173.2215,43.11185575,1.86%,1.86%,強風-亂流循環
2025.02.18,強風-亂流循環,強風,強風2,23550.5,23666.10938,23454.08984,23666.11,0.006840151,23143.6105,37.71364882,2.26%,2.26%,強風-亂流循環
2025.02.17,強風-亂流循環,強風,強風1,23258.16992,23510.67969,23242.83984,23505.33,0.015234568,23114.3615,24.76203474,1.69%,1.69%,強風-亂流循環
2025.02.14,循環的交界,亂流,亂流3,23198.39063,23276.24023,23142.94922,23152.61,-0.010547274,23109.4615,18.74796026,0.19%,0.19%,循環的交界
2025.02.13,循環的交界,亂流,亂流2,23263.2793,23413.09961,23206.44922,23399.41,0.004708509,23134.3945,33.34323577,1.15%,1.15%,循環的交界
2025.02.12,循環的交界,亂流,亂流1,23449.31055,23528.60938,23289.75,23289.75,-0.004032663,23141.8095,35.53621648,0.64%,0.64%,循環的交界
2025.02.11,循環的交界,強風,強風5,23321.91992,23485.50977,23289.75977,23384.05,0.005673026,23122.737,36.06649841,1.13%,1.13%,循環的交界
2025.02.10,循環的交界,強風,強風4,23421.76953,23448.16016,23163.84961,23252.14,-0.009631459,23095.1375,29.80241904,0.68%,0.68%,循環的交界
2025.02.07,循環的交界,強風,強風3,23289.9707,23478.26953,23254.16992,23478.27,0.006933687,23084.2855,27.92857351,1.71%,1.71%,循環的交界
2025.02.06,循環的交界,強風,強風2,23226.5,23348.41992,23216.65039,23316.6,0.00669298,23069.882,7.875804201,1.07%,1.07%,循環的交界
2025.02.05,循環的交界,強風,強風1,22916.38086,23249.33008,22916.38086,23161.58,0.016127957,23067.836,-12.33456707,0.41%,0.41%,循環的交界
2025.02.04,循環的交界,無風,無風2,22836.26953,22934.31055,22720.61914,22793.96,0.004373266,23072.104,-25.51000567,-1.21%,-1.21%,循環的交界
2025.02.03,循環的交界,無風,無風1,22796.71094,22796.71094,22502.19922,22694.71,-0.035310755,23093.4125,-12.74450889,-1.73%,-1.73%,循環的交界
2025.01.22,循環的交界,強風,強風3,23472.66992,23642.08008,23472.66992,23525.41,0.01111411,23114.689,22.64582048,1.78%,1.78%,循環的交界
2025.01.20,循環的交界,強風,強風2,23203.4707,23346.64063,23176.42969,23266.82,0.005129583,23093.6455,-11.49983844,0.75%,0.75%,循環的交界
2025.01.17,循環的交界,強風,強風1,23190.11914,23209.88086,22905.5293,23148.08,0.005341128,23055.817,-36.91225697,0.40%,0.40%,循環的交界
2025.01.16,循環的交界,陣風,陣風1,22817.51953,23147.68945,22817.51953,23025.1,0.022675539,23045.0255,-58.11036635,-0.09%,-0.09%,循環的交界
2025.01.15,循環的交界,無風,無風5,22757.46094,22777.33984,22509.65039,22514.57,-0.012411438,23052.204,-77.28421249,-2.33%,-2.33%,循環的交界
2025.01.14,循環的交界,無風,無風4,22573.96094,22797.51953,22542.92969,22797.52,0.013748909,23077.376,-58.66579101,-1.21%,-1.21%,循環的交界
2025.01.13,循環的交界,無風,無風3,23070.32031,23070.32031,22458.2207,22488.33,-0.022750443,23089.495,-40.60966221,-2.60%,-2.60%,循環的交界
2025.01.10,循環的交界,無風,無風2,23067.46094,23202.25,22989.66992,23011.86,-0.003001153,23116.1025,1.543984153,-0.45%,-0.45%,循環的交界
2025.01.09,循環的交界,無風,無風1,23406.7207,23463.96094,23081.13086,23081.13,-0.013935806,23117.8495,23.97982071,-0.16%,-0.16%,循環的交界
2025.01.08,循環的交界,強風,強風3,23522.28906,23671.2793,23388.63086,23407.33,-0.010314034,23108.9745,44.10791433,1.29%,1.29%,循環的交界
2025.01.07,循環的交界,強風,強風2,23824.7207,23943.94922,23651.26953,23651.27,0.00439788,23094.862,41.76383142,2.41%,2.41%,循環的交界
2025.01.06,循環的交界,強風,強風1,23131.78906,23553.28906,23131.78906,23547.71,0.027911718,23075.961,7.588309835,2.04%,2.04%,循環的交界
2025.01.03,循環的交界,無風,無風3,23018.56055,23092.07031,22905.40039,22908.3,0.003339164,23058.239,-19.87769498,-0.65%,-0.65%,循環的交界
2025.01.02,循環的交界,無風,無風2,22975.71094,23038.08008,22713.63086,22832.06,-0.008814375,23076.221,-12.7002565,,,循環的交界
